{
  "3ade68b6g5d49eda3": {
    "id": "3ade68b6g5d49eda3",
    "desc": "Cabruêra",
    "url": "cabruera"
  },
  "3ade68b5g8fd7eda3": {
    "id": "3ade68b5g8fd7eda3",
    "desc": "Chico César",
    "url": "chico-cesar"
  },
  "3ade68b5g0248eda3": {
    "id": "3ade68b5g0248eda3",
    "desc": "Elba Ramalho",
    "url": "elba-ramalho"
  },
  "3ade68b5ga348eda3": {
    "id": "3ade68b5ga348eda3",
    "desc": "Flávio José",
    "url": "flavio-jose"
  },
  "3ade68b6gc58aeda3": {
    "id": "3ade68b6gc58aeda3",
    "desc": "Herbert Vianna",
    "url": "herbert-vianna"
  },
  "3ade68b6g3259eda3": {
    "id": "3ade68b6g3259eda3",
    "desc": "Jackson do Pandeiro",
    "url": "jackson-do-pandeiro"
  },
  "3ade68b7gc6a72ea3": {
    "id": "3ade68b7gc6a72ea3",
    "desc": "Lucy Alves",
    "url": "lucy-alves"
  },
  "3ade68b7gfb762ea3": {
    "id": "3ade68b7gfb762ea3",
    "desc": "Os Gonzagas",
    "url": "os-gonzagas"
  },
  "3ade68b5g1658eda3": {
    "id": "3ade68b5g1658eda3",
    "desc": "Renata Arruda",
    "url": "renata-arruda"
  },
  "3ade68b7ged7c1ea3": {
    "id": "3ade68b7ged7c1ea3",
    "desc": "Seu Pereira e Coletivo 401",
    "url": "seu-pereira-e-coletivo-401"
  },
  "3ade68b5gf958eda3": {
    "id": "3ade68b5gf958eda3",
    "desc": "Sivuca",
    "url": "sivuca"
  },
  "3ade68b5g8068eda3": {
    "id": "3ade68b5g8068eda3",
    "desc": "Zé Ramalho",
    "url": "ze-ramalho"
  }
}