[
  {
    "id": "ad",
    "image": "/imgs/countries/ad.png",
    "name": "Andorra"
  },
  {
    "id": "ae",
    "image": "/imgs/countries/ae.png",
    "name": "United Arab Emirates"
  },
  {
    "id": "af",
    "image": "/imgs/countries/af.png",
    "name": "Afghanistan"
  },
  {
    "id": "ag",
    "image": "/imgs/countries/ag.png",
    "name": "Antigua and Barbuda"
  },
  {
    "id": "ai",
    "image": "/imgs/countries/ai.png",
    "name": "Anguilla"
  },
  {
    "id": "al",
    "image": "/imgs/countries/al.png",
    "name": "Albania"
  },
  {
    "id": "am",
    "image": "/imgs/countries/am.png",
    "name": "Armenia"
  },
  {
    "id": "an",
    "image": "/imgs/countries/an.png",
    "name": "Netherlands Antilles"
  },
  {
    "id": "ao",
    "image": "/imgs/countries/ao.png",
    "name": "Angola"
  },
  {
    "id": "aq",
    "image": "/imgs/countries/aq.png",
    "name": "Antarctica"
  },
  {
    "id": "ar",
    "image": "/imgs/countries/ar.png",
    "name": "Argentina"
  },
  {
    "id": "as",
    "image": "/imgs/countries/as.png",
    "name": "American Samoa"
  },
  {
    "id": "at",
    "image": "/imgs/countries/at.png",
    "name": "Austria"
  },
  {
    "id": "au",
    "image": "/imgs/countries/au.png",
    "name": "Australia"
  },
  {
    "id": "aw",
    "image": "/imgs/countries/aw.png",
    "name": "Aruba"
  },
  {
    "id": "ax",
    "image": "/imgs/countries/ax.png",
    "name": "Åland Islands"
  },
  {
    "id": "az",
    "image": "/imgs/countries/az.png",
    "name": "Azerbaijan"
  },
  {
    "id": "ba",
    "image": "/imgs/countries/ba.png",
    "name": "Bosnia and Herzegovina"
  },
  {
    "id": "bb",
    "image": "/imgs/countries/bb.png",
    "name": "Barbados"
  },
  {
    "id": "bd",
    "image": "/imgs/countries/bd.png",
    "name": "Bangladesh"
  },
  {
    "id": "be",
    "image": "/imgs/countries/be.png",
    "name": "Belgium"
  },
  {
    "id": "bf",
    "image": "/imgs/countries/bf.png",
    "name": "Burkina Faso"
  },
  {
    "id": "bg",
    "image": "/imgs/countries/bg.png",
    "name": "Bulgaria"
  },
  {
    "id": "bh",
    "image": "/imgs/countries/bh.png",
    "name": "Bahrain"
  },
  {
    "id": "bi",
    "image": "/imgs/countries/bi.png",
    "name": "Burundi"
  },
  {
    "id": "bj",
    "image": "/imgs/countries/bj.png",
    "name": "Benin"
  },
  {
    "id": "bl",
    "image": "/imgs/countries/bl.png",
    "name": "Saint Barthélemy"
  },
  {
    "id": "bm",
    "image": "/imgs/countries/bm.png",
    "name": "Bermuda"
  },
  {
    "id": "bn",
    "image": "/imgs/countries/bn.png",
    "name": "Brunei Darussalam"
  },
  {
    "id": "bo",
    "image": "/imgs/countries/bo.png",
    "name": "Bolivia"
  },
  {
    "id": "bq",
    "image": "/imgs/countries/bq.png",
    "name": "Bonaire, Sint Eustatius and Saba"
  },
  {
    "id": "br",
    "image": "/imgs/countries/br.png",
    "name": "Brazil"
  },
  {
    "id": "bs",
    "image": "/imgs/countries/bs.png",
    "name": "Bahamas"
  },
  {
    "id": "bt",
    "image": "/imgs/countries/bt.png",
    "name": "Bhutan"
  },
  {
    "id": "bv",
    "image": "/imgs/countries/bv.png",
    "name": "Bouvet Island"
  },
  {
    "id": "bw",
    "image": "/imgs/countries/bw.png",
    "name": "Botswana"
  },
  {
    "id": "by",
    "image": "/imgs/countries/by.png",
    "name": "Belarus"
  },
  {
    "id": "bz",
    "image": "/imgs/countries/bz.png",
    "name": "Belize"
  },
  {
    "id": "ca",
    "image": "/imgs/countries/ca.png",
    "name": "Canada"
  },
  {
    "id": "cc",
    "image": "/imgs/countries/cc.png",
    "name": "Cocos (Keeling) Islands"
  },
  {
    "id": "cd",
    "image": "/imgs/countries/cd.png",
    "name": "Congo, The Democratic Republic Of The"
  },
  {
    "id": "cf",
    "image": "/imgs/countries/cf.png",
    "name": "Central African Republic"
  },
  {
    "id": "cg",
    "image": "/imgs/countries/cg.png",
    "name": "Congo"
  },
  {
    "id": "ch",
    "image": "/imgs/countries/ch.png",
    "name": "Switzerland"
  },
  {
    "id": "ci",
    "image": "/imgs/countries/ci.png",
    "name": "Côte D'Ivoire"
  },
  {
    "id": "ck",
    "image": "/imgs/countries/ck.png",
    "name": "Cook Islands"
  },
  {
    "id": "cl",
    "image": "/imgs/countries/cl.png",
    "name": "Chile"
  },
  {
    "id": "cm",
    "image": "/imgs/countries/cm.png",
    "name": "Cameroon"
  },
  {
    "id": "cn",
    "image": "/imgs/countries/cn.png",
    "name": "China"
  },
  {
    "id": "co",
    "image": "/imgs/countries/co.png",
    "name": "Colombia"
  },
  {
    "id": "cr",
    "image": "/imgs/countries/cr.png",
    "name": "Costa Rica"
  },
  {
    "id": "cu",
    "image": "/imgs/countries/cu.png",
    "name": "Cuba"
  },
  {
    "id": "cv",
    "image": "/imgs/countries/cv.png",
    "name": "Cape Verde"
  },
  {
    "id": "cw",
    "image": "/imgs/countries/cw.png",
    "name": "Curaçao"
  },
  {
    "id": "cx",
    "image": "/imgs/countries/cx.png",
    "name": "Christmas Island"
  },
  {
    "id": "cy",
    "image": "/imgs/countries/cy.png",
    "name": "Cyprus"
  },
  {
    "id": "cz",
    "image": "/imgs/countries/cz.png",
    "name": "Czech Republic"
  },
  {
    "id": "de",
    "image": "/imgs/countries/de.png",
    "name": "Germany"
  },
  {
    "id": "dj",
    "image": "/imgs/countries/dj.png",
    "name": "Djibouti"
  },
  {
    "id": "dk",
    "image": "/imgs/countries/dk.png",
    "name": "Denmark"
  },
  {
    "id": "dm",
    "image": "/imgs/countries/dm.png",
    "name": "Dominica"
  },
  {
    "id": "do",
    "image": "/imgs/countries/do.png",
    "name": "Dominican Republic"
  },
  {
    "id": "dz",
    "image": "/imgs/countries/dz.png",
    "name": "Algeria"
  },
  {
    "id": "ec",
    "image": "/imgs/countries/ec.png",
    "name": "Ecuador"
  },
  {
    "id": "ee",
    "image": "/imgs/countries/ee.png",
    "name": "Estonia"
  },
  {
    "id": "eg",
    "image": "/imgs/countries/eg.png",
    "name": "Egypt"
  },
  {
    "id": "eh",
    "image": "/imgs/countries/eh.png",
    "name": "Western Sahara"
  },
  {
    "id": "er",
    "image": "/imgs/countries/er.png",
    "name": "Eritrea"
  },
  {
    "id": "es",
    "image": "/imgs/countries/es.png",
    "name": "Spain"
  },
  {
    "id": "et",
    "image": "/imgs/countries/et.png",
    "name": "Ethiopia"
  },
  {
    "id": "fi",
    "image": "/imgs/countries/fi.png",
    "name": "Finland"
  },
  {
    "id": "fj",
    "image": "/imgs/countries/fj.png",
    "name": "Fiji"
  },
  {
    "id": "fk",
    "image": "/imgs/countries/fk.png",
    "name": "Falkland Islands (Malvinas)"
  },
  {
    "id": "fm",
    "image": "/imgs/countries/fm.png",
    "name": "Micronesia, Federated States Of"
  },
  {
    "id": "fo",
    "image": "/imgs/countries/fo.png",
    "name": "Faroe Islands"
  },
  {
    "id": "fr",
    "image": "/imgs/countries/fr.png",
    "name": "France"
  },
  {
    "id": "ga",
    "image": "/imgs/countries/ga.png",
    "name": "Gabon"
  },
  {
    "id": "gb",
    "image": "/imgs/countries/gb.png",
    "name": "United Kingdom"
  },
  {
    "id": "gd",
    "image": "/imgs/countries/gd.png",
    "name": "Grenada"
  },
  {
    "id": "ge",
    "image": "/imgs/countries/ge.png",
    "name": "Georgia"
  },
  {
    "id": "gf",
    "image": "/imgs/countries/gf.png",
    "name": "French Guiana"
  },
  {
    "id": "gg",
    "image": "/imgs/countries/gg.png",
    "name": "Guernsey"
  },
  {
    "id": "gh",
    "image": "/imgs/countries/gh.png",
    "name": "Ghana"
  },
  {
    "id": "gi",
    "image": "/imgs/countries/gi.png",
    "name": "Gibraltar"
  },
  {
    "id": "gl",
    "image": "/imgs/countries/gl.png",
    "name": "Greenland"
  },
  {
    "id": "gm",
    "image": "/imgs/countries/gm.png",
    "name": "Gambia"
  },
  {
    "id": "gn",
    "image": "/imgs/countries/gn.png",
    "name": "Guinea"
  },
  {
    "id": "gp",
    "image": "/imgs/countries/gp.png",
    "name": "Guadeloupe"
  },
  {
    "id": "gq",
    "image": "/imgs/countries/gq.png",
    "name": "Equatorial Guinea"
  },
  {
    "id": "gr",
    "image": "/imgs/countries/gr.png",
    "name": "Greece"
  },
  {
    "id": "gs",
    "image": "/imgs/countries/gs.png",
    "name": "South Georgia and the South Sandwich Islands"
  },
  {
    "id": "gt",
    "image": "/imgs/countries/gt.png",
    "name": "Guatemala"
  },
  {
    "id": "gu",
    "image": "/imgs/countries/gu.png",
    "name": "Guam"
  },
  {
    "id": "gw",
    "image": "/imgs/countries/gw.png",
    "name": "Guinea-Bissau"
  },
  {
    "id": "gy",
    "image": "/imgs/countries/gy.png",
    "name": "Guyana"
  },
  {
    "id": "hk",
    "image": "/imgs/countries/hk.png",
    "name": "Hong Kong"
  },
  {
    "id": "hm",
    "image": "/imgs/countries/hm.png",
    "name": "Heard and McDonald Islands"
  },
  {
    "id": "hn",
    "image": "/imgs/countries/hn.png",
    "name": "Honduras"
  },
  {
    "id": "hr",
    "image": "/imgs/countries/hr.png",
    "name": "Croatia"
  },
  {
    "id": "ht",
    "image": "/imgs/countries/ht.png",
    "name": "Haiti"
  },
  {
    "id": "hu",
    "image": "/imgs/countries/hu.png",
    "name": "Hungary"
  },
  {
    "id": "id",
    "image": "/imgs/countries/id.png",
    "name": "Indonesia"
  },
  {
    "id": "ie",
    "image": "/imgs/countries/ie.png",
    "name": "Ireland"
  },
  {
    "id": "il",
    "image": "/imgs/countries/il.png",
    "name": "Israel"
  },
  {
    "id": "im",
    "image": "/imgs/countries/im.png",
    "name": "Isle of Man"
  },
  {
    "id": "in",
    "image": "/imgs/countries/in.png",
    "name": "India"
  },
  {
    "id": "io",
    "image": "/imgs/countries/io.png",
    "name": "British Indian Ocean Territory"
  },
  {
    "id": "iq",
    "image": "/imgs/countries/iq.png",
    "name": "Iraq"
  },
  {
    "id": "ir",
    "image": "/imgs/countries/ir.png",
    "name": "Iran, Islamic Republic Of"
  },
  {
    "id": "is",
    "image": "/imgs/countries/is.png",
    "name": "Iceland"
  },
  {
    "id": "it",
    "image": "/imgs/countries/it.png",
    "name": "Italy"
  },
  {
    "id": "je",
    "image": "/imgs/countries/je.png",
    "name": "Jersey"
  },
  {
    "id": "jm",
    "image": "/imgs/countries/jm.png",
    "name": "Jamaica"
  },
  {
    "id": "jo",
    "image": "/imgs/countries/jo.png",
    "name": "Jordan"
  },
  {
    "id": "jp",
    "image": "/imgs/countries/jp.png",
    "name": "Japan"
  },
  {
    "id": "ke",
    "image": "/imgs/countries/ke.png",
    "name": "Kenya"
  },
  {
    "id": "kg",
    "image": "/imgs/countries/kg.png",
    "name": "Kyrgyzstan"
  },
  {
    "id": "kh",
    "image": "/imgs/countries/kh.png",
    "name": "Cambodia"
  },
  {
    "id": "ki",
    "image": "/imgs/countries/ki.png",
    "name": "Kiribati"
  },
  {
    "id": "km",
    "image": "/imgs/countries/km.png",
    "name": "Comoros"
  },
  {
    "id": "kn",
    "image": "/imgs/countries/kn.png",
    "name": "Saint Kitts And Nevis"
  },
  {
    "id": "kp",
    "image": "/imgs/countries/kp.png",
    "name": "Korea, Democratic People's Republic Of"
  },
  {
    "id": "kr",
    "image": "/imgs/countries/kr.png",
    "name": "Korea, Republic of"
  },
  {
    "id": "kw",
    "image": "/imgs/countries/kw.png",
    "name": "Kuwait"
  },
  {
    "id": "ky",
    "image": "/imgs/countries/ky.png",
    "name": "Cayman Islands"
  },
  {
    "id": "kz",
    "image": "/imgs/countries/kz.png",
    "name": "Kazakhstan"
  },
  {
    "id": "la",
    "image": "/imgs/countries/la.png",
    "name": "Lao People's Democratic Republic"
  },
  {
    "id": "lb",
    "image": "/imgs/countries/lb.png",
    "name": "Lebanon"
  },
  {
    "id": "lc",
    "image": "/imgs/countries/lc.png",
    "name": "Saint Lucia"
  },
  {
    "id": "li",
    "image": "/imgs/countries/li.png",
    "name": "Liechtenstein"
  },
  {
    "id": "lk",
    "image": "/imgs/countries/lk.png",
    "name": "Sri Lanka"
  },
  {
    "id": "lr",
    "image": "/imgs/countries/lr.png",
    "name": "Liberia"
  },
  {
    "id": "ls",
    "image": "/imgs/countries/ls.png",
    "name": "Lesotho"
  },
  {
    "id": "lt",
    "image": "/imgs/countries/lt.png",
    "name": "Lithuania"
  },
  {
    "id": "lu",
    "image": "/imgs/countries/lu.png",
    "name": "Luxembourg"
  },
  {
    "id": "lv",
    "image": "/imgs/countries/lv.png",
    "name": "Latvia"
  },
  {
    "id": "ly",
    "image": "/imgs/countries/ly.png",
    "name": "Libya"
  },
  {
    "id": "ma",
    "image": "/imgs/countries/ma.png",
    "name": "Morocco"
  },
  {
    "id": "mc",
    "image": "/imgs/countries/mc.png",
    "name": "Monaco"
  },
  {
    "id": "md",
    "image": "/imgs/countries/md.png",
    "name": "Moldova, Republic of"
  },
  {
    "id": "me",
    "image": "/imgs/countries/me.png",
    "name": "Montenegro"
  },
  {
    "id": "mf",
    "image": "/imgs/countries/mf.png",
    "name": "Saint Martin"
  },
  {
    "id": "mg",
    "image": "/imgs/countries/mg.png",
    "name": "Madagascar"
  },
  {
    "id": "mh",
    "image": "/imgs/countries/mh.png",
    "name": "Marshall Islands"
  },
  {
    "id": "mk",
    "image": "/imgs/countries/mk.png",
    "name": "Macedonia, the Former Yugoslav Republic Of"
  },
  {
    "id": "ml",
    "image": "/imgs/countries/ml.png",
    "name": "Mali"
  },
  {
    "id": "mm",
    "image": "/imgs/countries/mm.png",
    "name": "Myanmar"
  },
  {
    "id": "mn",
    "image": "/imgs/countries/mn.png",
    "name": "Mongolia"
  },
  {
    "id": "mo",
    "image": "/imgs/countries/mo.png",
    "name": "Macao"
  },
  {
    "id": "mp",
    "image": "/imgs/countries/mp.png",
    "name": "Northern Mariana Islands"
  },
  {
    "id": "mq",
    "image": "/imgs/countries/mq.png",
    "name": "Martinique"
  },
  {
    "id": "mr",
    "image": "/imgs/countries/mr.png",
    "name": "Mauritania"
  },
  {
    "id": "ms",
    "image": "/imgs/countries/ms.png",
    "name": "Montserrat"
  },
  {
    "id": "mt",
    "image": "/imgs/countries/mt.png",
    "name": "Malta"
  },
  {
    "id": "mu",
    "image": "/imgs/countries/mu.png",
    "name": "Mauritius"
  },
  {
    "id": "mv",
    "image": "/imgs/countries/mv.png",
    "name": "Maldives"
  },
  {
    "id": "mw",
    "image": "/imgs/countries/mw.png",
    "name": "Malawi"
  },
  {
    "id": "mx",
    "image": "/imgs/countries/mx.png",
    "name": "Mexico"
  },
  {
    "id": "my",
    "image": "/imgs/countries/my.png",
    "name": "Malaysia"
  },
  {
    "id": "mz",
    "image": "/imgs/countries/mz.png",
    "name": "Mozambique"
  },
  {
    "id": "na",
    "image": "/imgs/countries/na.png",
    "name": "Namibia"
  },
  {
    "id": "nc",
    "image": "/imgs/countries/nc.png",
    "name": "New Caledonia"
  },
  {
    "id": "ne",
    "image": "/imgs/countries/ne.png",
    "name": "Niger"
  },
  {
    "id": "nf",
    "image": "/imgs/countries/nf.png",
    "name": "Norfolk Island"
  },
  {
    "id": "ng",
    "image": "/imgs/countries/ng.png",
    "name": "Nigeria"
  },
  {
    "id": "ni",
    "image": "/imgs/countries/ni.png",
    "name": "Nicaragua"
  },
  {
    "id": "nl",
    "image": "/imgs/countries/nl.png",
    "name": "Netherlands"
  },
  {
    "id": "no",
    "image": "/imgs/countries/no.png",
    "name": "Norway"
  },
  {
    "id": "np",
    "image": "/imgs/countries/np.png",
    "name": "Nepal"
  },
  {
    "id": "nr",
    "image": "/imgs/countries/nr.png",
    "name": "Nauru"
  },
  {
    "id": "nu",
    "image": "/imgs/countries/nu.png",
    "name": "Niue"
  },
  {
    "id": "nz",
    "image": "/imgs/countries/nz.png",
    "name": "New Zealand"
  },
  {
    "id": "om",
    "image": "/imgs/countries/om.png",
    "name": "Oman"
  },
  {
    "id": "pa",
    "image": "/imgs/countries/pa.png",
    "name": "Panama"
  },
  {
    "id": "pe",
    "image": "/imgs/countries/pe.png",
    "name": "Peru"
  },
  {
    "id": "pf",
    "image": "/imgs/countries/pf.png",
    "name": "French Polynesia"
  },
  {
    "id": "pg",
    "image": "/imgs/countries/pg.png",
    "name": "Papua New Guinea"
  },
  {
    "id": "ph",
    "image": "/imgs/countries/ph.png",
    "name": "Philippines"
  },
  {
    "id": "pk",
    "image": "/imgs/countries/pk.png",
    "name": "Pakistan"
  },
  {
    "id": "pl",
    "image": "/imgs/countries/pl.png",
    "name": "Poland"
  },
  {
    "id": "pm",
    "image": "/imgs/countries/pm.png",
    "name": "Saint Pierre And Miquelon"
  },
  {
    "id": "pn",
    "image": "/imgs/countries/pn.png",
    "name": "Pitcairn"
  },
  {
    "id": "pr",
    "image": "/imgs/countries/pr.png",
    "name": "Puerto Rico"
  },
  {
    "id": "ps",
    "image": "/imgs/countries/ps.png",
    "name": "Palestine, State of"
  },
  {
    "id": "pt",
    "image": "/imgs/countries/pt.png",
    "name": "Portugal"
  },
  {
    "id": "pw",
    "image": "/imgs/countries/pw.png",
    "name": "Palau"
  },
  {
    "id": "py",
    "image": "/imgs/countries/py.png",
    "name": "Paraguay"
  },
  {
    "id": "qa",
    "image": "/imgs/countries/qa.png",
    "name": "Qatar"
  },
  {
    "id": "re",
    "image": "/imgs/countries/re.png",
    "name": "Réunion"
  },
  {
    "id": "ro",
    "image": "/imgs/countries/ro.png",
    "name": "Romania"
  },
  {
    "id": "rs",
    "image": "/imgs/countries/rs.png",
    "name": "Serbia"
  },
  {
    "id": "ru",
    "image": "/imgs/countries/ru.png",
    "name": "Russian Federation"
  },
  {
    "id": "rw",
    "image": "/imgs/countries/rw.png",
    "name": "Rwanda"
  },
  {
    "id": "sa",
    "image": "/imgs/countries/sa.png",
    "name": "Saudi Arabia"
  },
  {
    "id": "sb",
    "image": "/imgs/countries/sb.png",
    "name": "Solomon Islands"
  },
  {
    "id": "sc",
    "image": "/imgs/countries/sc.png",
    "name": "Seychelles"
  },
  {
    "id": "sd",
    "image": "/imgs/countries/sd.png",
    "name": "Sudan"
  },
  {
    "id": "se",
    "image": "/imgs/countries/se.png",
    "name": "Sweden"
  },
  {
    "id": "sg",
    "image": "/imgs/countries/sg.png",
    "name": "Singapore"
  },
  {
    "id": "sh",
    "image": "/imgs/countries/sh.png",
    "name": "Saint Helena"
  },
  {
    "id": "si",
    "image": "/imgs/countries/si.png",
    "name": "Slovenia"
  },
  {
    "id": "sj",
    "image": "/imgs/countries/sj.png",
    "name": "Svalbard And Jan Mayen"
  },
  {
    "id": "sk",
    "image": "/imgs/countries/sk.png",
    "name": "Slovakia"
  },
  {
    "id": "sl",
    "image": "/imgs/countries/sl.png",
    "name": "Sierra Leone"
  },
  {
    "id": "sm",
    "image": "/imgs/countries/sm.png",
    "name": "San Marino"
  },
  {
    "id": "sn",
    "image": "/imgs/countries/sn.png",
    "name": "Senegal"
  },
  {
    "id": "so",
    "image": "/imgs/countries/so.png",
    "name": "Somalia"
  },
  {
    "id": "sr",
    "image": "/imgs/countries/sr.png",
    "name": "Suriname"
  },
  {
    "id": "ss",
    "image": "/imgs/countries/ss.png",
    "name": "South Sudan"
  },
  {
    "id": "st",
    "image": "/imgs/countries/st.png",
    "name": "Sao Tome and Principe"
  },
  {
    "id": "sv",
    "image": "/imgs/countries/sv.png",
    "name": "El Salvador"
  },
  {
    "id": "sx",
    "image": "/imgs/countries/sx.png",
    "name": "Sint Maarten"
  },
  {
    "id": "sy",
    "image": "/imgs/countries/sy.png",
    "name": "Syrian Arab Republic"
  },
  {
    "id": "sz",
    "image": "/imgs/countries/sz.png",
    "name": "Swaziland"
  },
  {
    "id": "tc",
    "image": "/imgs/countries/tc.png",
    "name": "Turks and Caicos Islands"
  },
  {
    "id": "td",
    "image": "/imgs/countries/td.png",
    "name": "Chad"
  },
  {
    "id": "tf",
    "image": "/imgs/countries/tf.png",
    "name": "French Southern Territories"
  },
  {
    "id": "tg",
    "image": "/imgs/countries/tg.png",
    "name": "Togo"
  },
  {
    "id": "th",
    "image": "/imgs/countries/th.png",
    "name": "Thailand"
  },
  {
    "id": "tj",
    "image": "/imgs/countries/tj.png",
    "name": "Tajikistan"
  },
  {
    "id": "tk",
    "image": "/imgs/countries/tk.png",
    "name": "Tokelau"
  },
  {
    "id": "tl",
    "image": "/imgs/countries/tl.png",
    "name": "Timor-Leste"
  },
  {
    "id": "tm",
    "image": "/imgs/countries/tm.png",
    "name": "Turkmenistan"
  },
  {
    "id": "tn",
    "image": "/imgs/countries/tn.png",
    "name": "Tunisia"
  },
  {
    "id": "to",
    "image": "/imgs/countries/to.png",
    "name": "Tonga"
  },
  {
    "id": "tr",
    "image": "/imgs/countries/tr.png",
    "name": "Turkey"
  },
  {
    "id": "tt",
    "image": "/imgs/countries/tt.png",
    "name": "Trinidad and Tobago"
  },
  {
    "id": "tv",
    "image": "/imgs/countries/tv.png",
    "name": "Tuvalu"
  },
  {
    "id": "tw",
    "image": "/imgs/countries/tw.png",
    "name": "Taiwan, Republic Of China"
  },
  {
    "id": "tz",
    "image": "/imgs/countries/tz.png",
    "name": "Tanzania, United Republic of"
  },
  {
    "id": "ua",
    "image": "/imgs/countries/ua.png",
    "name": "Ukraine"
  },
  {
    "id": "ug",
    "image": "/imgs/countries/ug.png",
    "name": "Uganda"
  },
  {
    "id": "um",
    "image": "/imgs/countries/um.png",
    "name": "United States Minor Outlying Islands"
  },
  {
    "id": "us",
    "image": "/imgs/countries/us.png",
    "name": "United States"
  },
  {
    "id": "uy",
    "image": "/imgs/countries/uy.png",
    "name": "Uruguay"
  },
  {
    "id": "uz",
    "image": "/imgs/countries/uz.png",
    "name": "Uzbekistan"
  },
  {
    "id": "va",
    "image": "/imgs/countries/va.png",
    "name": "Holy See (Vatican City State)"
  },
  {
    "id": "vc",
    "image": "/imgs/countries/vc.png",
    "name": "Saint Vincent And The Grenadines"
  },
  {
    "id": "ve",
    "image": "/imgs/countries/ve.png",
    "name": "Venezuela, Bolivarian Republic of"
  },
  {
    "id": "vg",
    "image": "/imgs/countries/vg.png",
    "name": "Virgin Islands, British"
  },
  {
    "id": "vi",
    "image": "/imgs/countries/vi.png",
    "name": "Virgin Islands, U.S."
  },
  {
    "id": "vn",
    "image": "/imgs/countries/vn.png",
    "name": "Vietnam"
  },
  {
    "id": "vu",
    "image": "/imgs/countries/vu.png",
    "name": "Vanuatu"
  },
  {
    "id": "wf",
    "image": "/imgs/countries/wf.png",
    "name": "Wallis and Futuna"
  },
  {
    "id": "ws",
    "image": "/imgs/countries/ws.png",
    "name": "Samoa"
  },
  {
    "id": "ye",
    "image": "/imgs/countries/ye.png",
    "name": "Yemen"
  },
  {
    "id": "yt",
    "image": "/imgs/countries/yt.png",
    "name": "Mayotte"
  },
  {
    "id": "za",
    "image": "/imgs/countries/za.png",
    "name": "South Africa"
  },
  {
    "id": "zm",
    "image": "/imgs/countries/zm.png",
    "name": "Zambia"
  },
  {
    "id": "zw",
    "image": "/imgs/countries/zw.png",
    "name": "Zimbabwe"
  }
]
