{
  "yellow": [
    {"name": "Yellow", "color": "#fff200"},
    {"name": "Lemon", "color": "#effd5f"},
    {"name": "Mellow", "color": "#f8de7e"},
    {"name": "Cyber", "color": "#ffd300"},
    {"name": "Royal", "color": "#fada5e"},
    {"name": "Trombone", "color": "#d2b55b"},
    {"name": "Banana", "color": "#fcf4a3"},
    {"name": "Tuscany", "color": "#fcd12a"},
    {"name": "Bumblebee", "color": "#fce205"},
    {"name": "Flax", "color": "#eedc82"},
    {"name": "Cream", "color": "#fffdd0"},
    {"name": "Peach", "color": "#ffe5b4"},
    {"name": "Laguna", "color": "#f8e473"},
    {"name": "Mustard", "color": "#fedc56"},
    {"name": "Ecru", "color": "#ceb180"},
    {"name": "Corn", "color": "#e4cd05"},
    {"name": "Pineapple", "color": "#fee12b"},
    {"name": "Flaxen", "color": "#d5b85a"},
    {"name": "Egg nog", "color": "#f9e29c"},
    {"name": "Sepia", "color": "#e3b778"}
  ],
  "orange": [
    {"name": "Orange", "color": "#fc6600"}, 
    {"name": "Pumpkin", "color": "#ff7417"}, 
    {"name": "Tiger", "color": "#fd6a02"}, 
    {"name": "Carrot", "color": "#ef7215"}, 
    {"name": "Tangerine", "color": "#f9812a"}, 
    {"name": "Apricot", "color": "#ef820d"}, 
    {"name": "Amber", "color": "#ffbf00"}, 
    {"name": "Gold", "color": "#f9a602"}, 
    {"name": "Fire", "color": "#fda50f"}, 
    {"name": "Honey", "color": "#eb9605"}, 
    {"name": "Goldenrod", "color": "#dba520"}, 
    {"name": "Dijon", "color": "#c49102"}, 
    {"name": "Ochre", "color": "#cc7722"}, 
    {"name": "Cider", "color": "#b3672b"}, 
    {"name": "Bronze", "color": "#b1560f"}, 
    {"name": "Burnt OR.", "color": "#964000"},
    {"name": "Amber 2", "color": "#883000"}, 
    {"name": "Rust", "color": "#8b4000"}, 
    {"name": "Clay", "color": "#813f0b"}, 
    {"name": "Spice", "color": "#793802"}
  ],
  "red": [
    {"name": "Red", "color": "#d30000"},
    {"name": "Salmon ", "color": "#fa8072"},
    {"name": "Scarlet ", "color": "#ff2400"},
    {"name": "Barn Red", "color": "#7c0a02"},
    {"name": "Imperial ", "color": "#ed2939"},
    {"name": "Indian Red", "color": "#cd5c5c"},
    {"name": "Chili ", "color": "#c21807"},
    {"name": "Fire brick ", "color": "#b22222"},
    {"name": "Maroon ", "color": "#800000"},
    {"name": "Redwood ", "color": "#a45a52"},
    {"name": "Raspberry ", "color": "#d21f3c"},
    {"name": "Candy apple ", "color": "#ff0800"},
    {"name": "Ferrari ", "color": "#ff2800"},
    {"name": "Persian ", "color": "#ca3433"},
    {"name": "US Flag ", "color": "#bf0a30"},
    {"name": "Carmine ", "color": "#960019"},
    {"name": "Burgundy ", "color": "#8d021f"},
    {"name": "Crimson ", "color": "#b80f0a"},
    {"name": "Sangria ", "color": "#5e1914"},
    {"name": "Mahogany ", "color": "#420d09"}
  ],
  "pink": [
    {"name": "Pink", "color": "#fc0fc0"},
    {"name": "Ruby", "color": "#e0115f"},
    {"name": "Ultra", "color": "#ff6fff"},
    {"name": "Thulian ", "color": "#de6fa1"},
    {"name": "Magenta", "color": "#ff0090"},
    {"name": "Rose Pink", "color": "#ff66cc"},
    {"name": "Lavender ", "color": "#fbaed2"},
    {"name": "Creamy ", "color": "#ff69b4"},
    {"name": "Fuchsia", "color": "#ff00ff"},
    {"name": "French rose", "color": "#f64a8a"},
    {"name": "Cerise ", "color": "#de3163"},
    {"name": "Carnation ", "color": "#ffa6c9"},
    {"name": "Brick ", "color": "#fb607f"},
    {"name": "Amaranth ", "color": "#f19cbb"},
    {"name": "Taffy ", "color": "#f987c5"},
    {"name": "Bubble Gum ", "color": "#fe5bac"},
    {"name": "Hot Pink", "color": "#f81894"},
    {"name": "Punch ", "color": "#ec5578"},
    {"name": "Lemonade ", "color": "#fdb9c8"},
    {"name": "Flamingo", "color": "#fca3b7"}
  ],
  "violet": [
    {"name": "Violet", "color": "#b200ed"},
    {"name": "Hibiscus", "color": "#b43757"},
    {"name": "Mauve", "color": "#784b84"},
    {"name": "Mulberry", "color": "#c64b8c"},
    {"name": "Lavender", "color": "#e4a0f7"},
    {"name": "Orchid", "color": "#af69ee"},
    {"name": "Lilac", "color": "#b660cd"},
    {"name": "Electric", "color": "#8f00ff"},
    {"name": "African", "color": "#b284be"},
    {"name": "Grape", "color": "#6f2da8"},
    {"name": "Amethyst", "color": "#9966cb"},
    {"name": "Byzantine", "color": "#702963"},
    {"name": "Fandango", "color": "#b5338a"},
    {"name": "Helio", "color": "#de73ff"},
    {"name": "Floral", "color": "#b47ede"},
    {"name": "Thistle", "color": "#d7bfdc"},
    {"name": "Royal", "color": "#7852a9"},
    {"name": "Lollipop", "color": "#81007f"},
    {"name": "Plum", "color": "#8d4585"},
    {"name": "Eggplant", "color": "#311432"}
  ],
  "blue": [
    {"name": "Blue", "color": "#0018f9"},
    {"name": "Yale", "color": "#0e4c92"},
    {"name": "Pigeon", "color": "#7285a5"},
    {"name": "Sky", "color": "#95c8d8"},
    {"name": "Independence", "color": "#4d516d"},
    {"name": "Air force", "color": "#598baf"},
    {"name": "Baby Blue", "color": "#89cfef"},
    {"name": "Navy", "color": "#000080"},
    {"name": "Steel", "color": "#4682b4"},
    {"name": "Carolina", "color": "#57a0d2"},
    {"name": "Turkish", "color": "#5097a4"},
    {"name": "Maya", "color": "#73c2fb"},
    {"name": "Cornflower", "color": "#6693f5"},
    {"name": "Olympic", "color": "#008ecc"},
    {"name": "Sapphire", "color": "#0f52ba"},
    {"name": "Azure", "color": "#0080fe"},
    {"name": "Egyptian", "color": "#1134a6"},
    {"name": "Denim", "color": "#131e3a"},
    {"name": "Prussian", "color": "#003151"},
    {"name": "Space", "color": "#1c2951"}
  ],
  "green": [
    {"name": "Green", "color": "#3bb143"},
    {"name": "Forest", "color": "#0b6623"},
    {"name": "Sage", "color": "#9dc183"},
    {"name": "Olive", "color": "#708238"},
    {"name": "Lime", "color": "#c7ea46"},
    {"name": "Hunter", "color": "#3f704d"},
    {"name": "Jade", "color": "#00a86b"},
    {"name": "Artichoke", "color": "#8f9779"},
    {"name": "Fern", "color": "#4f7942"},
    {"name": "Jungle", "color": "#29ab87"},
    {"name": "Laurel", "color": "#a9ba9d"},
    {"name": "Moss", "color": "#8a9a5b"},
    {"name": "Mint", "color": "#98fb98"},
    {"name": "Pine", "color": "#01796f"},
    {"name": "Tea", "color": "#d0f0c0"},
    {"name": "Army", "color": "#4b5320"},
    {"name": "Emerald", "color": "#50c878"},
    {"name": "Kelly", "color": "#4cbb17"},
    {"name": "Sacramento", "color": "#043927"},
    {"name": "Sea", "color": "#2e8b57"}
  ],
  "brown": [
    {"name": "Brown", "color": "#7c4700"},
    {"name": "Cedar", "color": "#4b3a26"},
    {"name": "Cinnamon", "color": "#622a0f"},
    {"name": "Brunette", "color": "#3a1f04"},
    {"name": "Mocha", "color": "#3b270c"},
    {"name": "Umber", "color": "#362312"},
    {"name": "Tortilla", "color": "#997950"},
    {"name": "Chocolate", "color": "#2b1700"},
    {"name": "Syrup", "color": "#492000"},
    {"name": "Gingerbread", "color": "#5c2c06"},
    {"name": "Caramel", "color": "#613613"},
    {"name": "Walnut", "color": "#43270f"},
    {"name": "Pecan", "color": "#48260d"},
    {"name": "Wood", "color": "#402f1d"},
    {"name": "Hickory", "color": "#351e10"},
    {"name": "Espresso", "color": "#4b382a"},
    {"name": "Peanut", "color": "#795c32"},
    {"name": "Tawny", "color": "#7e481c"},
    {"name": "Coffee", "color": "#4b3619"},
    {"name": "Russet", "color": "#7f461b"}
  ],
  "gray": [
    {"name": "Gray", "color": "#828282"},
    {"name": "Fossil ", "color": "#787276"},
    {"name": "Mink ", "color": "#88807b"},
    {"name": "Pearl River", "color": "#d9dddc"},
    {"name": "Abalone ", "color": "#d6cfc7"},
    {"name": "Harbor Gray", "color": "#c7c6c1"},
    {"name": "Smoke ", "color": "#bebdb8"},
    {"name": "Thunder ", "color": "#bdb7ab"},
    {"name": "Pewter ", "color": "#999da0"},
    {"name": "Steel ", "color": "#777b7e"},
    {"name": "Stone ", "color": "#877f7b"},
    {"name": "Iron ", "color": "#48494b"},
    {"name": "Rhino ", "color": "#b9bbb6"},
    {"name": "Trout ", "color": "#97978f"},
    {"name": "Seal ", "color": "#818380"},
    {"name": "Lava ", "color": "#808588"},
    {"name": "Shadow ", "color": "#363636"},
    {"name": "Ash ", "color": "#544c4a"},
    {"name": "Anchor ", "color": "#3e424b"},
    {"name": "Charcoal", "color": "#222021"}
  ]
}