{
  "amp": {
    "char": "&",
    "entity": "&amp;",
    "decimal": "&#38;",
    "hexa": "&#x26;",
    "description": "ampersan"
  },
  "lt": {
    "char": "<",
    "entity": "&lt;",
    "decimal": "&#60;",
    "hexa": "&#x3C;",
    "description": "less than"
  },
  "gt": {
    "char": ">",
    "entity": "&gt;",
    "decimal": "&#62;",
    "hexa": "&#x3E;",
    "description": "greater than"
  },
  "copy": {
    "char": "©",
    "entity": "&copy;",
    "decimal": "&#169;",
    "hexa": "&#xA9;",
    "description": "copyright sign"
  }
}
